item_id,trial_type,pic_file,trial_lang,sing_plur,du_gend,carrier,object_name
1,target,17_u2_key.png,English,sing,,is this,Key
2,target,3_sem_tap.png,English,sing,,is this,Tap
3,target,5_u2_tie.png,English,sing,,is this,Tie
4,target,5_sem_cake.png,English,sing,,is this,Cake
5,target,7_sem_present.png,English,sing,,is this,Present
6,target,8_sem_monkey.png,English,sing,,is this,Monkey
7,target,12_u1_meat.png,English,sing,,is this,Meat
8,target,14_vis_gun.png,English,sing,,is this,Gun
9,target,21_u2_bell.png,English,sing,,is this,Bell
10,target,24_u1_pants.png,English,plur,,are these,Pants
11,target,25_u2_barrel.png,English,sing,,is this,Barrel
12,target,26_sem_bowl.png,English,sing,,is this,Bowl
13,target,27_u1_eagle.png,English,sing,,is this,Eagle
14,target,27_u2_basket.png,English,sing,,is this,Basket
15,target,35_u1_fan.png,English,sing,,is this,Fan
16,target,38_u1_bow.png,English,sing,,is this,Bow
17,target,40_u1_chair.png,English,sing,,is this,Chair
18,target,41_u1_frog.png,English,sing,,is this,Frog
19,target,41_u2_drum.png,English,sing,,is this,Drum
20,target,45_u2_bag.png,English,sing,,is this,Bag
21,target,47_vis_lighter.png,English,sing,,is this,Lighter
22,target,54_vis_tray.png,English,sing,,is this,Tray
23,target,56_vis_globe.png,English,sing,,is this,Globe
24,target,59_u1_chain.png,English,sing,,is this,Chain
25,target,61_u1_belt.png,English,sing,,is this,Belt
26,target,62_u2_desk.png,English,sing,,is this,Desk
27,target,63_u1_leaf.png,English,sing,,is this,Leaf
28,target,67_vis_fence.png,English,sing,,is this,Fence
29,target,69_u1_watch.png,English,sing,,is this,Watch
30,target,70_vis_snake.png,English,sing,,is this,Snake
31,target,74_sem_cap.png,English,sing,,is this,Cap
32,target,74_u2_package.png,English,sing,,is this,Package
33,target,74_vis_iron.png,English,sing,,is this,Iron
34,target,80_u2_jacket.png,English,sing,,is this,Jacket
35,target,82_vis_rope.png,English,sing,,is this,Rope
36,target,86_sem_horse.png,English,sing,,is this,Horse
37,target,87_u1_flower.png,English,sing,,is this,Flower
38,target,92_sem_spoon.png,English,sing,,is this,Spoon
39,target,93_sem_teeth.png,English,sing,,is this,Teeth
40,target,7_vis_cherry.png,English,sing,,is this,Cherry
41,target,94_u1_shark.png,English,sing,,is this,Shark
42,target,94_u2_slide.png,English,sing,,is this,Slide
43,target,95_sem_lobster.png,English,sing,,is this,Lobster
44,target,97_u1_sausage.png,English,sing,,is this,Sausage
45,target,98_u2_lock.png,English,sing,,is this,Lock
46,target,97_vis_cross.png,English,sing,,is this,Cross
47,target,3_u1_baseball glove.png,English,sing,,is this,baseball glove
48,target,4_u2_coffee machine.png,English,sing,,is this,coffee machine
49,target,4_vis_hot water bottle.png,English,sing,,is this,hot water bottle
50,target,5_u1_ice skate.png,English,sing,,is this,ice skate
51,target,6_sem_soccer shoes.png,English,plur,,are these,soccer shoes
52,target,7_u1_cheese slicer.png,English,sing,,is this,cheese slicer
53,target,11_sem_rocking horse.png,English,sing,,is this,rocking horse
54,target,14_sem_measuring tape.png,English,sing,,is this,measuring tape
55,target,14_u2_office chair.png,English,sing,,is this,office chair
56,target,18_sem_baby bottle.png,English,sing,,is this,baby bottle
57,target,19_vis_life saver.png,English,sing,,is this,life saver
58,target,20_vis_ice cream.png,English,sing,,is this,ice cream
59,target,22_u2_playing cards.png,English,plur,,are these,playing cards
60,target,25_u1_rubber duck.png,English,sing,,is this,rubber duck
61,target,25_vis_rolling pin.png,English,sing,,is this,rolling pin
62,target,27_sem_light switch.png,English,sing,,is this,light switch
63,target,28_u1_shaving brush.png,English,sing,,is this,shaving brush
64,target,28_vis_bike pedals.png,English,plur,,are these,bike pedals
65,target,31_u2_ice cream cone.png,English,sing,,is this,ice cream cone
66,target,32_sem_cement truck.png,English,sing,,is this,cement truck
67,target,33_u1_teddy bear.png,English,sing,,is this,teddy bear
68,target,34_u2_bottle opener.png,English,sing,,is this,bottle opener
69,target,36_sem_coat rack.png,English,sing,,is this,coat rack
70,target,38_vis_band aid.png,English,sing,,is this,band aid
71,target,42_u2_dentist chair.png,English,sing,,is this,dentist chair
72,target,43_sem_rocking chair.png,English,sing,,is this,rocking chair
73,target,48_u1_trash can.png,English,sing,,is this,trash can
74,target,48_u2_life jacket.png,English,sing,,is this,life jacket
75,target,52_u2_trash bags.png,English,plur,,are these,trash bags
76,target,58_sem_frying pan.png,English,sing,,is this,frying pan
77,target,60_sem_rain boots.png,English,plur,,are these,rain boots
78,target,60_u1_safety pins.png,English,plur,,are these,safety pins
79,target,62_sem_polar bear.png,English,sing,,is this,polar bear
80,target,65_sem_watering can.png,English,sing,,is this,watering can
81,target,66_sem_pencil sharpener.png,English,sing,,is this,pencil sharpener
82,target,68_u1_pencil case.png,English,sing,,is this,pencil case
83,target,73_u2_shopping cart.png,English,sing,,is this,shopping cart
84,target,75_u2_potato peeler.png,English,sing,,is this,potato peeler
85,target,75_vis_light bulb.png,English,sing,,is this,light bulb
86,target,76_u2_cutting board.png,English,sing,,is this,cutting board
87,target,79_u2_ironing board.png,English,sing,,is this,ironing board
88,target,79_vis_guinea pig.png,English,sing,,is this,guinea pig
89,target,82_u1_traffic light.png,English,sing,,is this,traffic light
90,target,86_vis_potato masher.png,English,sing,,is this,potato masher
91,target,87_sem_laundry basket.png,English,sing,,is this,laundry basket
92,target,91_sem_remote control.png,English,sing,,is this,remote control
93,target,92_vis_candle holder.png,English,sing,,is this,candle holder
94,target,93_vis_bow tie.png,English,sing,,is this,bow tie
95,target,95_u1_lamp post.png,English,sing,,is this,lamp post
96,target,96_vis_traffic sign.png,English,sing,,is this,traffic sign
97,target,100_sem_riding helmet.png,English,sing,,is this,riding helmet
98,target,100_vis_fishing rod.png,English,sing,,is this,fishing rod
99,catch,90_u2_crutch.png,English,sing,,is this,coconut
100,catch,91_u1_trombone.png,English,sing,,is this,canoe
101,catch,91_vis_blackboard.png,English,sing,,is this,tambourine
102,catch,92_u1_sneakers.png,English,sing,,is this,tomato
103,catch,93_u2_logs.png,English,sing,,is this,crutch
104,catch,94_sem_wheel.png,English,sing,,is this,trombone
105,catch,96_u1_rifle.png,English,sing,,is this,blackboard
106,catch,96_u2_printer.png,English,plur,,are these,sneakers
107,catch,98_sem_caterpillar.png,English,sing,,is this,hookah
108,catch,98_u1_rice.png,English,sing,,is this,cassette
109,catch,98_vis_toolbox.png,English,plur,,are these,flipflops
110,catch,99_sem_candle.png,English,sing,,is this,sleigh
111,catch,99_u2_flippers.png,English,sing,,is this,logs
112,catch,99_vis_plunger.png,English,sing,,is this,wheel
113,catch,100_u1_binoculars.png,English,sing,,is this,rifle
114,catch,100_u2_raspberry.png,English,sing,,is this,printer
115,catch,1_sem_corn.png,English,sing,,is this,paintbrush
116,catch,1_u1_battery.png,English,sing,,is this,yoyo
117,catch,1_u2_pencil.png,English,sing,,is this,pinecone
118,catch,1_vis_bowling ball.png,English,sing,,is this,pipe
119,catch,2_sem_pipe.png,English,sing,,is this,caterpillar
120,catch,2_u1_pinecone.png,English,sing,,is this,rice
121,catch,2_vis_yoyo.png,English,sing,,is this,toolbox
122,catch,3_u2_paintbrush.png,English,sing,,is this,candle
123,catch,3_vis_sleigh.png,English,sing,,is this,bowling ball
124,catch,4_sem_flipflops.png,English,sing,,is this,pencil
125,catch,5_vis_cassette.png,English,sing,,is this,battery
126,catch,6_u1_hookah.png,English,sing,,is this,corn
127,catch,6_vis_tomato.png,English,plur,,are these,flippers
128,catch,8_u1_tambourine.png,English,sing,,is this,plunger
129,catch,8_vis_canoe.png,English,plur,,are these,binoculars
130,catch,9_vis_coconut.png,English,sing,,is this,raspberry
1,target,17_u2_key.png,Dutch,sing,,is deze,Sleutel
2,target,3_sem_tap.png,Dutch,sing,,is deze,Tik
3,target,5_u2_tie.png,Dutch,sing,,is deze,Stropdas
4,target,5_sem_cake.png,Dutch,sing,,is deze,Taart
5,target,7_sem_present.png,Dutch,sing,,is deze,Aanwezig
6,target,8_sem_monkey.png,Dutch,sing,,is deze,Aap
7,target,12_u1_meat.png,Dutch,sing,,is deze,Vlees
8,target,14_vis_gun.png,Dutch,sing,,is deze,Geweer
9,target,21_u2_bell.png,Dutch,sing,,is deze,Klok
10,target,24_u1_pants.png,Dutch,sing,,is deze,Broek
11,target,25_u2_barrel.png,Dutch,sing,,is deze,Vaat
12,target,26_sem_bowl.png,Dutch,sing,,is deze,Kom
13,target,27_u1_eagle.png,Dutch,sing,,is deze,Adelaar
14,target,27_u2_basket.png,Dutch,sing,,is deze,Mand
15,target,35_u1_fan.png,Dutch,sing,,is deze,Ventilator
16,target,38_u1_bow.png,Dutch,sing,,is deze,Boog
17,target,40_u1_chair.png,Dutch,sing,,is deze,Stoel
18,target,41_u1_frog.png,Dutch,sing,,is deze,Kikker
19,target,41_u2_drum.png,Dutch,sing,,is deze,Trommel
20,target,45_u2_bag.png,Dutch,sing,,is deze,Zak
21,target,47_vis_lighter.png,Dutch,sing,,is deze,Aansteker
22,target,54_vis_tray.png,Dutch,sing,,is deze,Dienblad
23,target,56_vis_globe.png,Dutch,sing,de,is deze,Wereldbol
24,target,59_u1_chain.png,Dutch,sing,,is deze,Keten
25,target,61_u1_belt.png,Dutch,sing,,is deze,Riem
26,target,62_u2_desk.png,Dutch,sing,,is deze,Bureau
27,target,63_u1_leaf.png,Dutch,sing,,is deze,Blad
28,target,67_vis_fence.png,Dutch,sing,,is deze,Hek
29,target,69_u1_watch.png,Dutch,sing,,is deze,Horloge
30,target,70_vis_snake.png,Dutch,sing,,is deze,Slang
31,target,74_sem_cap.png,Dutch,sing,,is deze,Pet
32,target,74_u2_package.png,Dutch,sing,,is deze,Pakket
33,target,74_vis_iron.png,Dutch,sing,,is deze,Ijzer
34,target,80_u2_jacket.png,Dutch,sing,,is deze,Jas
35,target,82_vis_rope.png,Dutch,sing,,is deze,Touw
36,target,86_sem_horse.png,Dutch,sing,,is deze,Paard
37,target,87_u1_flower.png,Dutch,sing,,is deze,Bloem
38,target,92_sem_spoon.png,Dutch,sing,,is deze,Lepel
39,target,93_sem_teeth.png,Dutch,sing,,is deze,Tanden
40,target,7_vis_cherry.png,Dutch,sing,,is deze,Kers
41,target,94_u1_shark.png,Dutch,sing,,is deze,Haai
42,target,94_u2_slide.png,Dutch,sing,,is deze,Glaasje
43,target,95_sem_lobster.png,Dutch,sing,,is deze,Kreeft
44,target,97_u1_sausage.png,Dutch,sing,,is deze,Worst
45,target,98_u2_lock.png,Dutch,sing,,is deze,Slot
46,target,97_vis_cross.png,Dutch,sing,,is deze,Kruis
47,target,3_u1_baseball glove.png,Dutch,plur,,zijn deze,honkbalhandschoen
48,target,4_u2_coffee machine.png,Dutch,sing,,is deze,koffiezetapparaat
49,target,4_vis_hot water bottle.png,Dutch,sing,,is deze,heet water fles
50,target,5_u1_ice skate.png,Dutch,sing,,is deze,schaatsen
51,target,6_sem_soccer shoes.png,Dutch,sing,,is deze,voetbalschoenen
52,target,7_u1_cheese slicer.png,Dutch,sing,,is deze,kaasschaaf
53,target,11_sem_rocking horse.png,Dutch,sing,,is deze,hobbelpaard
54,target,14_sem_measuring tape.png,Dutch,sing,,is deze,meetlint
55,target,14_u2_office chair.png,Dutch,sing,,is deze,bureaustoel
56,target,18_sem_baby bottle.png,Dutch,sing,,is deze,Baby flesje
57,target,19_vis_life saver.png,Dutch,sing,,is deze,levensredder
58,target,20_vis_ice cream.png,Dutch,sing,,is deze,ijsje
59,target,22_u2_playing cards.png,Dutch,sing,,is deze,speelkaarten
60,target,25_u1_rubber duck.png,Dutch,sing,,is deze,badeend
61,target,25_vis_rolling pin.png,Dutch,sing,,is deze,deegroller
62,target,27_sem_light switch.png,Dutch,sing,,is deze,lichtschakelaar
63,target,28_u1_shaving brush.png,Dutch,sing,,is deze,scheerkwast
64,target,28_vis_bike pedals.png,Dutch,sing,,is deze,fiets pedalen
65,target,31_u2_ice cream cone.png,Dutch,sing,,is deze,ijshoorn
66,target,32_sem_cement truck.png,Dutch,sing,,is deze,cement vrachtwagen
67,target,33_u1_teddy bear.png,Dutch,sing,,is deze,knuffelbeer
68,target,34_u2_bottle opener.png,Dutch,sing,,is deze,flesopener
69,target,36_sem_coat rack.png,Dutch,sing,,is deze,kapstok
70,target,38_vis_band aid.png,Dutch,sing,,is deze,pleister
71,target,42_u2_dentist chair.png,Dutch,sing,,is deze,tandarts stoel
72,target,43_sem_rocking chair.png,Dutch,sing,,is deze,schommelstoel
73,target,48_u1_trash can.png,Dutch,sing,,is deze,prullenbak
74,target,48_u2_life jacket.png,Dutch,sing,,is deze,reddingsvest
75,target,52_u2_trash bags.png,Dutch,sing,,is deze,vuilniszakken
76,target,58_sem_frying pan.png,Dutch,sing,,is deze,frituurpan
77,target,60_sem_rain boots.png,Dutch,sing,,is deze,regenlaarzen
78,target,60_u1_safety pins.png,Dutch,sing,,is deze,veiligheidsspelden
79,target,62_sem_polar bear.png,Dutch,sing,,is deze,ijsbeer
80,target,65_sem_watering can.png,Dutch,sing,,is deze,gieter
81,target,66_sem_pencil sharpener.png,Dutch,sing,,is deze,puntenslijper
82,target,68_u1_pencil case.png,Dutch,sing,,is deze,pennenzak
83,target,73_u2_shopping cart.png,Dutch,sing,,is deze,winkelwagen
84,target,75_u2_potato peeler.png,Dutch,sing,,is deze,aardappelschiller
85,target,75_vis_light bulb.png,Dutch,sing,,is deze,gloeilamp
86,target,76_u2_cutting board.png,Dutch,sing,,is deze,snijplank
87,target,79_u2_ironing board.png,Dutch,sing,,is deze,strijkplank
88,target,79_vis_guinea pig.png,Dutch,sing,,is deze,cavia
89,target,82_u1_traffic light.png,Dutch,sing,,is deze,stoplicht
90,target,86_vis_potato masher.png,Dutch,sing,,is deze,aardappelstamper
91,target,87_sem_laundry basket.png,Dutch,sing,,is deze,wasmand
92,target,91_sem_remote control.png,Dutch,sing,,is deze,afstandsbediening
93,target,92_vis_candle holder.png,Dutch,sing,,is deze,kandelaar
94,target,93_vis_bow tie.png,Dutch,sing,,is deze,vlinderdas
95,target,95_u1_lamp post.png,Dutch,sing,,is deze,lantarenpaal
96,target,96_vis_traffic sign.png,Dutch,sing,,is deze,verkeersbord
97,target,100_sem_riding helmet.png,Dutch,sing,,is deze,paardrijhelm
98,target,100_vis_fishing rod.png,Dutch,sing,,is deze,Vis hengel
99,catch,90_u2_crutch.png,Dutch,sing,,is deze,kokosnoot
100,catch,91_u1_trombone.png,Dutch,sing,,is deze,kano
101,catch,91_vis_blackboard.png,Dutch,sing,,is deze,tamboerijn
102,catch,92_u1_sneakers.png,Dutch,sing,,is deze,tomaat
103,catch,93_u2_logs.png,Dutch,sing,,is deze,kruk
104,catch,94_sem_wheel.png,Dutch,sing,,is deze,trombone
105,catch,96_u1_rifle.png,Dutch,sing,,is deze,schoolbord
106,catch,96_u2_printer.png,Dutch,sing,,is deze,sportschoenen
107,catch,98_sem_caterpillar.png,Dutch,sing,,is deze,hookah
108,catch,98_u1_rice.png,Dutch,sing,,is deze,cassette
109,catch,98_vis_toolbox.png,Dutch,sing,,is deze,slippers
110,catch,99_sem_candle.png,Dutch,sing,,is deze,slee
111,catch,99_u2_flippers.png,Dutch,sing,,is deze,logs
112,catch,99_vis_plunger.png,Dutch,sing,,is deze,wiel
113,catch,100_u1_binoculars.png,Dutch,sing,,is deze,geweer
114,catch,100_u2_raspberry.png,Dutch,sing,,is deze,printer
115,catch,1_sem_corn.png,Dutch,sing,,is deze,penseel
116,catch,1_u1_battery.png,Dutch,sing,,is deze,yoyo
117,catch,1_u2_pencil.png,Dutch,sing,,is deze,dennenappel
118,catch,1_vis_bowling ball.png,Dutch,sing,,is deze,pijp
119,catch,2_sem_pipe.png,Dutch,sing,,is deze,rups
120,catch,2_u1_pinecone.png,Dutch,sing,,is deze,rijst
121,catch,2_vis_yoyo.png,Dutch,sing,,is deze,gereedschapskist
122,catch,3_u2_paintbrush.png,Dutch,sing,,is deze,kaars
123,catch,3_vis_sleigh.png,Dutch,sing,,is deze,bowlingbal
124,catch,4_sem_flipflops.png,Dutch,sing,,is deze,potlood
125,catch,5_vis_cassette.png,Dutch,sing,,is deze,accu
126,catch,6_u1_hookah.png,Dutch,sing,,is deze,ma√Øs
127,catch,6_vis_tomato.png,Dutch,sing,,is deze,flippers
128,catch,8_u1_tambourine.png,Dutch,sing,,is deze,plunjer
129,catch,8_vis_canoe.png,Dutch,sing,,is deze,kijker
130,catch,9_vis_coconut.png,Dutch,sing,,is deze,framboos
